<?xml version="1.0" encoding="utf-8"?>
<varlist name="WaterBodyList">
	<WaterBody>
		<int name="WaterID">1</int>
		<int name="Type">10</int>
		<float name="WaterLevel">0.000000</float>
		<int64 name="nPixels">0</int64>
		<int name="xCoord">324</int>
		<int name="yCoord">0</int>
	</WaterBody>
	<WaterBody>
		<int name="WaterID">2</int>
		<int name="Type">10</int>
		<float name="WaterLevel">0.000000</float>
		<int64 name="nPixels">0</int64>
		<int name="xCoord">4</int>
		<int name="yCoord">279</int>
	</WaterBody>
	<WaterBody>
		<int name="WaterID">3</int>
		<int name="Type">10</int>
		<float name="WaterLevel">0.000000</float>
		<int64 name="nPixels">0</int64>
		<int name="xCoord">410</int>
		<int name="yCoord">807</int>
	</WaterBody>
	<WaterBody>
		<int name="WaterID">4</int>
		<int name="Type">10</int>
		<float name="WaterLevel">0.000000</float>
		<int64 name="nPixels">0</int64>
		<int name="xCoord">1005</int>
		<int name="yCoord">867</int>
	</WaterBody>
	<WaterBody>
		<int name="WaterID">5</int>
		<int name="Type">10</int>
		<float name="WaterLevel">0.000000</float>
		<int64 name="nPixels">0</int64>
		<int name="xCoord">11</int>
		<int name="yCoord">917</int>
	</WaterBody>
</varlist>
